mur_nom,secteur_nom
M41,ba1
M167,ba1
M153,ba1
M150,ba1
M165,ba1
M168,ba1
M154,ba1
M151,ba1
M166,ba1
M169,ba1
M155,ba1
M152,ba1
M186,ba1
M118,ba1
M119,ba1
M117,ba1
M120,ba1
M42,ba1
M47,ba1
M156,ba1
M161,ba1
M127,ba1
M157,ba1
M162,ba1
M128,ba1
M158,ba1
M163,ba1
M129,ba1
M159,ba1
M164,ba1
M160,"ba1, ad1"
M49,ad1
M51,ad1
M170,ad1
M121,ad1
M173,ad1
M185,ad1
M48,ad1
M54,ad1
M171,ad1
M45,ad1
M172,ad1
M46,ad1
M104,ad1
M124,ad1
M11,"cu1 , cu2, cu3, cu4, cu5, cu6"
M22,"cu1 , cu2, cu3, cu4, cu5, cu6"
M57,cu1
M50,"cu1 , cu2, cu3, cu4, cu5, cu6"
M56,cu1
M55,cu1
M53,cu1
M52,cu1
M58,cu1
M59,cu1
M60,cu1
M44,cu1
M61,cu2
M62,cu2
M63,cu2
M64,cu2
M65,cu2
M130,cu3
M70,cu3
M40,cu3
M66,cu3
M67,cu3
M122,cu3
M68,cu3
M69,cu3
M123,cu3
M23,cu4
M188,cu4
M187,cu4
M71,cu4
M77,cu5
M21,cu5
M73,cu5
M74,cu5
M25,cu5
M75,cu5
M76,cu5
M26,cu5
M72,cu5
M87,cu6
M86,cu6
M85,cu6
M84,cu6
M79,cu6
M78,cu6
M80,cu6
M81,cu6
M28,cu6
M82,cu6
M83,cu6
M24,ba2
M35,ad2
M34,ad2
M91,ad2
M93,ad2
M90,ad2
M92,"ad2, ba2"
M89,ba2
M116,ba2
M88,ba2
M174,ba2
M175,ba2
M97,ba2
M112,ba2
M98,ba2
M102,ba2
M101,ba2
M115,ba2
M114,ba2
M183,ba2
M180,ba2
M184,ba2
M8,ad2
M10,ad2
M94,ad2
M95,ad2
M31,"ad2 , ba2"
M32,"ad2, ba2"
M33,ba2
M176,ba2
M99,ba2
M96,ba2
M177,ba2
M100,ba2
M1,ba2
M178,ba2
M182,ba2
M181,ba2
M179,ba2
M20,ba2
M39,or0
M111,or0
M36,or0
M103,or0
M105,or0
M106,or0
M107,or0
M108,or0
M109,or0
M110,or0
M30,ca1
M136,ca1
M137,ca1
M138,ca1
